user_id,churned
u10000,0
u10001,0
u10002,0
u10003,1
u10004,0
u10005,0
u10006,0
u10007,0
u10008,1
u10009,0
u10010,0
u10011,0
u10012,0
u10013,1
u10014,0
u10015,0
u10016,0
u10017,0
u10018,0
u10019,1
u10020,0
u10021,0
u10022,0
u10023,1
u10024,0
u10025,0
u10026,1
u10027,0
u10028,1
u10029,0
u10030,0
u10031,1
u10032,0
u10033,0
u10034,0
u10035,0
u10036,0
u10037,0
u10038,1
u10039,0
u10040,1
u10041,0
u10042,0
u10043,1
u10044,0
u10045,0
u10046,1
u10047,1
u10048,0
u10049,0
u10050,1
u10051,0
u10052,0
u10053,0
u10054,0
u10055,1
u10056,0
u10057,0
u10058,0
u10059,0
u10060,0
u10061,1
u10062,0
u10063,0
u10064,0
u10065,0
u10066,1
u10067,1
u10068,1
u10069,0
u10070,0
u10071,1
u10072,1
u10073,0
u10074,0
u10075,1
u10076,0
u10077,0
u10078,0
u10079,0
u10080,0
u10081,0
u10082,0
u10083,1
u10084,0
u10085,1
u10086,0
u10087,0
u10088,0
u10089,0
u10090,0
u10091,0
u10092,0
u10093,0
u10094,0
u10095,0
u10096,1
u10097,0
u10098,1
u10099,0
u10100,1
u10101,0
u10102,0
u10103,1
u10104,1
u10105,1
u10106,1
u10107,0
u10108,0
u10109,0
u10110,0
u10111,0
u10112,1
u10113,1
u10114,0
u10115,1
u10116,0
u10117,0
u10118,0
u10119,0
u10120,1
u10121,0
u10122,0
u10123,0
u10124,0
u10125,0
u10126,1
u10127,0
u10128,1
u10129,1
u10130,1
u10131,1
u10132,1
u10133,0
u10134,1
u10135,1
u10136,1
u10137,1
u10138,0
u10139,0
u10140,0
u10141,0
u10142,0
u10143,1
u10144,0
u10145,0
u10146,0
u10147,0
u10148,1
u10149,0
u10150,0
u10151,1
u10152,1
u10153,0
u10154,1
u10155,0
u10156,0
u10157,0
u10158,0
u10159,0
u10160,0
u10161,0
u10162,1
u10163,0
u10164,1
u10165,0
u10166,1
u10167,1
u10168,0
u10169,0
u10170,1
u10171,1
u10172,0
u10173,0
u10174,1
u10175,0
u10176,0
u10177,0
u10178,0
u10179,1
u10180,1
u10181,0
u10182,0
u10183,1
u10184,0
u10185,0
u10186,1
u10187,0
u10188,0
u10189,0
u10190,0
u10191,0
u10192,1
u10193,0
u10194,1
u10195,0
u10196,0
u10197,1
u10198,0
u10199,0
u10200,0
u10201,1
u10202,0
u10203,0
u10204,0
u10205,0
u10206,1
u10207,1
u10208,0
u10209,0
u10210,0
u10211,0
u10212,0
u10213,0
u10214,1
u10215,0
u10216,0
u10217,1
u10218,0
u10219,0
u10220,0
u10221,0
u10222,1
u10223,0
u10224,0
u10225,1
u10226,1
u10227,1
u10228,0
u10229,0
u10230,0
u10231,0
u10232,0
u10233,0
u10234,1
u10235,1
u10236,0
u10237,0
u10238,0
u10239,0
u10240,0
u10241,1
u10242,0
u10243,0
u10244,1
u10245,1
u10246,0
u10247,1
u10248,0
u10249,0
u10250,0
u10251,0
u10252,0
u10253,0
u10254,0
u10255,1
u10256,0
u10257,0
u10258,0
u10259,0
u10260,1
u10261,1
u10262,0
u10263,0
u10264,0
u10265,0
u10266,1
u10267,0
u10268,0
u10269,1
u10270,0
u10271,1
u10272,0
u10273,1
u10274,0
u10275,0
u10276,0
u10277,1
u10278,0
u10279,0
u10280,1
u10281,1
u10282,0
u10283,1
u10284,1
u10285,1
u10286,0
u10287,1
u10288,0
u10289,0
u10290,0
u10291,1
u10292,1
u10293,0
u10294,1
u10295,0
u10296,0
u10297,0
u10298,1
u10299,0
u10300,1
u10301,1
u10302,1
u10303,0
u10304,0
u10305,0
u10306,1
u10307,0
u10308,1
u10309,0
u10310,0
u10311,0
u10312,0
u10313,0
u10314,0
u10315,0
u10316,0
u10317,0
u10318,1
u10319,0
u10320,0
u10321,0
u10322,1
u10323,0
u10324,0
u10325,1
u10326,0
u10327,0
u10328,0
u10329,0
u10330,0
u10331,0
u10332,0
u10333,0
u10334,0
u10335,1
u10336,0
u10337,1
u10338,0
u10339,0
u10340,1
u10341,1
u10342,0
u10343,0
u10344,0
u10345,0
u10346,0
u10347,0
u10348,1
u10349,0
u10350,0
u10351,0
u10352,0
u10353,1
u10354,1
u10355,0
u10356,0
u10357,0
u10358,1
u10359,0
u10360,0
u10361,0
u10362,0
u10363,0
u10364,0
u10365,0
u10366,1
u10367,0
u10368,0
u10369,1
u10370,0
u10371,1
u10372,0
u10373,0
u10374,1
u10375,0
u10376,0
u10377,0
u10378,0
u10379,0
u10380,0
u10381,0
u10382,0
u10383,1
u10384,0
u10385,1
u10386,1
u10387,0
u10388,1
u10389,0
u10390,1
u10391,1
u10392,0
u10393,0
u10394,0
u10395,0
u10396,1
u10397,1
u10398,0
u10399,0
u10400,0
u10401,0
u10402,0
u10403,0
u10404,1
u10405,1
u10406,0
u10407,0
u10408,1
u10409,1
u10410,0
u10411,0
u10412,0
u10413,0
u10414,0
u10415,1
u10416,0
u10417,1
u10418,1
u10419,0
u10420,1
u10421,1
u10422,0
u10423,1
u10424,0
u10425,0
u10426,1
u10427,0
u10428,0
u10429,0
u10430,0
u10431,1
u10432,0
u10433,0
u10434,1
u10435,0
u10436,0
u10437,1
u10438,0
u10439,0
u10440,0
u10441,1
u10442,0
u10443,0
u10444,1
u10445,0
u10446,0
u10447,1
u10448,1
u10449,0
u10450,0
u10451,0
u10452,1
u10453,0
u10454,0
u10455,0
u10456,1
u10457,0
u10458,0
u10459,1
u10460,0
u10461,1
u10462,0
u10463,0
u10464,0
u10465,1
u10466,0
u10467,1
u10468,1
u10469,0
u10470,0
u10471,0
u10472,0
u10473,0
u10474,0
u10475,0
u10476,0
u10477,0
u10478,1
u10479,1
u10480,0
u10481,0
u10482,1
u10483,0
u10484,1
u10485,0
u10486,0
u10487,0
u10488,1
u10489,1
u10490,0
u10491,1
u10492,1
u10493,0
u10494,1
u10495,0
u10496,1
u10497,0
u10498,0
u10499,0
u10500,0
u10501,0
u10502,0
u10503,0
u10504,0
u10505,0
u10506,0
u10507,1
u10508,0
u10509,1
u10510,0
u10511,1
u10512,0
u10513,0
u10514,0
u10515,1
u10516,0
u10517,0
u10518,1
u10519,0
u10520,0
u10521,1
u10522,1
u10523,1
u10524,0
u10525,0
u10526,1
u10527,0
u10528,1
u10529,1
u10530,0
u10531,0
u10532,1
u10533,0
u10534,1
u10535,1
u10536,0
u10537,0
u10538,0
u10539,0
u10540,0
u10541,0
u10542,0
u10543,0
u10544,0
u10545,0
u10546,0
u10547,0
u10548,1
u10549,0
u10550,0
u10551,0
u10552,1
u10553,1
u10554,1
u10555,1
u10556,0
u10557,1
u10558,0
u10559,1
u10560,0
u10561,0
u10562,0
u10563,0
u10564,0
u10565,0
u10566,0
u10567,0
u10568,1
u10569,0
u10570,0
u10571,0
u10572,0
u10573,0
u10574,1
u10575,1
u10576,1
u10577,0
u10578,1
u10579,0
u10580,0
u10581,0
u10582,0
u10583,0
u10584,0
u10585,1
u10586,1
u10587,1
u10588,0
u10589,0
u10590,0
u10591,1
u10592,0
u10593,0
u10594,0
u10595,1
u10596,0
u10597,0
u10598,0
u10599,0
u10600,0
u10601,0
u10602,1
u10603,1
u10604,0
u10605,0
u10606,1
u10607,0
u10608,0
u10609,1
u10610,1
u10611,1
u10612,1
u10613,1
u10614,0
u10615,1
u10616,1
u10617,0
u10618,0
u10619,0
u10620,0
u10621,1
u10622,0
u10623,0
u10624,0
u10625,1
u10626,0
u10627,0
u10628,0
u10629,0
u10630,1
u10631,0
u10632,0
u10633,0
u10634,0
u10635,0
u10636,1
u10637,0
u10638,0
u10639,0
u10640,0
u10641,0
u10642,0
u10643,1
u10644,0
u10645,0
u10646,0
u10647,1
u10648,1
u10649,1
u10650,0
u10651,0
u10652,0
u10653,0
u10654,1
u10655,1
u10656,0
u10657,0
u10658,1
u10659,0
u10660,1
u10661,1
u10662,1
u10663,0
u10664,0
u10665,1
u10666,0
u10667,0
u10668,0
u10669,0
u10670,0
u10671,0
u10672,0
u10673,1
u10674,0
u10675,0
u10676,1
u10677,1
u10678,0
u10679,0
u10680,0
u10681,0
u10682,0
u10683,0
u10684,0
u10685,1
u10686,1
u10687,1
u10688,1
u10689,0
u10690,0
u10691,0
u10692,0
u10693,1
u10694,0
u10695,0
u10696,0
u10697,0
u10698,0
u10699,1
u10700,1
u10701,0
u10702,0
u10703,0
u10704,0
u10705,0
u10706,1
u10707,0
u10708,0
u10709,0
u10710,0
u10711,0
u10712,0
u10713,1
u10714,1
u10715,0
u10716,0
u10717,1
u10718,0
u10719,0
u10720,0
u10721,1
u10722,0
u10723,1
u10724,1
u10725,0
u10726,0
u10727,0
u10728,1
u10729,0
u10730,0
u10731,0
u10732,0
u10733,1
u10734,0
u10735,0
u10736,0
u10737,1
u10738,0
u10739,1
u10740,0
u10741,1
u10742,0
u10743,0
u10744,1
u10745,0
u10746,0
u10747,0
u10748,0
u10749,0
u10750,1
u10751,0
u10752,0
u10753,0
u10754,0
u10755,0
u10756,0
u10757,0
u10758,0
u10759,0
u10760,0
u10761,0
u10762,0
u10763,0
u10764,1
u10765,1
u10766,0
u10767,0
u10768,0
u10769,1
u10770,1
u10771,0
u10772,0
u10773,0
u10774,0
u10775,1
u10776,0
u10777,0
u10778,0
u10779,0
u10780,0
u10781,1
u10782,0
u10783,0
u10784,1
u10785,0
u10786,1
u10787,0
u10788,0
u10789,1
u10790,1
u10791,0
u10792,0
u10793,1
u10794,1
u10795,0
u10796,0
u10797,0
u10798,0
u10799,1
u10800,0
u10801,0
u10802,0
u10803,0
u10804,0
u10805,0
u10806,0
u10807,0
u10808,0
u10809,0
u10810,0
u10811,0
u10812,0
u10813,0
u10814,0
u10815,1
u10816,0
u10817,0
u10818,0
u10819,0
u10820,0
u10821,0
u10822,0
u10823,1
u10824,0
u10825,0
u10826,0
u10827,0
u10828,0
u10829,0
u10830,0
u10831,1
u10832,1
u10833,1
u10834,0
u10835,0
u10836,0
u10837,0
u10838,1
u10839,0
u10840,0
u10841,0
u10842,1
u10843,0
u10844,0
u10845,0
u10846,0
u10847,0
u10848,1
u10849,1
u10850,0
u10851,0
u10852,0
u10853,0
u10854,1
u10855,0
u10856,0
u10857,1
u10858,0
u10859,0
u10860,0
u10861,0
u10862,0
u10863,0
u10864,0
u10865,0
u10866,0
u10867,0
u10868,1
u10869,1
u10870,0
u10871,1
u10872,1
u10873,1
u10874,0
u10875,0
u10876,0
u10877,0
u10878,1
u10879,0
u10880,0
u10881,0
u10882,1
u10883,0
u10884,0
u10885,1
u10886,0
u10887,0
u10888,0
u10889,0
u10890,1
u10891,0
u10892,0
u10893,1
u10894,0
u10895,0
u10896,0
u10897,0
u10898,0
u10899,1
u10900,0
u10901,1
u10902,0
u10903,0
u10904,0
u10905,1
u10906,0
u10907,0
u10908,0
u10909,0
u10910,0
u10911,0
u10912,0
u10913,1
u10914,0
u10915,0
u10916,1
u10917,0
u10918,1
u10919,1
u10920,0
u10921,0
u10922,1
u10923,0
u10924,0
u10925,0
u10926,1
u10927,1
u10928,0
u10929,0
u10930,0
u10931,0
u10932,0
u10933,1
u10934,0
u10935,0
u10936,1
u10937,1
u10938,0
u10939,0
u10940,0
u10941,0
u10942,0
u10943,0
u10944,0
u10945,0
u10946,1
u10947,0
u10948,1
u10949,0
u10950,0
u10951,0
u10952,0
u10953,1
u10954,0
u10955,0
u10956,0
u10957,0
u10958,0
u10959,0
u10960,0
u10961,1
u10962,1
u10963,0
u10964,0
u10965,1
u10966,0
u10967,0
u10968,1
u10969,1
u10970,0
u10971,0
u10972,0
u10973,1
u10974,0
u10975,0
u10976,0
u10977,0
u10978,0
u10979,1
u10980,0
u10981,0
u10982,0
u10983,0
u10984,1
u10985,1
u10986,1
u10987,1
u10988,0
u10989,1
u10990,1
u10991,0
u10992,0
u10993,0
u10994,0
u10995,1
u10996,0
u10997,0
u10998,0
u10999,1
u11000,0
u11001,0
u11002,0
u11003,0
u11004,0
u11005,0
u11006,1
u11007,0
u11008,0
u11009,1
u11010,0
u11011,1
u11012,0
u11013,0
u11014,0
u11015,0
u11016,1
u11017,1
u11018,0
u11019,0
u11020,0
u11021,0
u11022,0
u11023,0
u11024,1
u11025,1
u11026,0
u11027,0
u11028,0
u11029,0
u11030,0
u11031,0
u11032,1
u11033,0
u11034,1
u11035,1
u11036,0
u11037,0
u11038,0
u11039,0
u11040,0
u11041,1
u11042,0
u11043,1
u11044,0
u11045,0
u11046,1
u11047,0
u11048,1
u11049,0
u11050,0
u11051,1
u11052,0
u11053,0
u11054,0
u11055,0
u11056,0
u11057,0
u11058,1
u11059,0
u11060,0
u11061,0
u11062,1
u11063,0
u11064,0
u11065,0
u11066,1
u11067,0
u11068,1
u11069,0
u11070,1
u11071,0
u11072,0
u11073,1
u11074,1
u11075,0
u11076,0
u11077,0
u11078,0
u11079,0
u11080,0
u11081,0
u11082,0
u11083,1
u11084,1
u11085,1
u11086,0
u11087,0
u11088,1
u11089,1
u11090,0
u11091,0
u11092,0
u11093,0
u11094,1
u11095,0
u11096,1
u11097,1
u11098,1
u11099,0
u11100,1
u11101,0
u11102,0
u11103,0
u11104,0
u11105,0
u11106,0
u11107,0
u11108,1
u11109,0
u11110,0
u11111,0
u11112,0
u11113,0
u11114,0
u11115,1
u11116,0
u11117,1
u11118,1
u11119,0
u11120,1
u11121,0
u11122,1
u11123,0
u11124,1
u11125,0
u11126,1
u11127,0
u11128,1
u11129,0
u11130,0
u11131,0
u11132,0
u11133,1
u11134,0
u11135,0
u11136,0
u11137,0
u11138,0
u11139,0
u11140,0
u11141,0
u11142,1
u11143,0
u11144,1
u11145,1
u11146,0
u11147,1
u11148,1
u11149,0
u11150,0
u11151,0
u11152,0
u11153,0
u11154,0
u11155,1
u11156,0
u11157,0
u11158,0
u11159,0
u11160,1
u11161,1
u11162,0
u11163,0
u11164,0
u11165,0
u11166,0
u11167,1
u11168,0
u11169,0
u11170,0
u11171,1
u11172,1
u11173,0
u11174,0
u11175,0
u11176,0
u11177,0
u11178,0
u11179,0
u11180,1
u11181,0
u11182,1
u11183,0
u11184,0
u11185,0
u11186,1
u11187,0
u11188,0
u11189,0
u11190,1
u11191,0
u11192,0
u11193,0
u11194,0
u11195,1
u11196,0
u11197,1
u11198,0
u11199,1
u11200,0
u11201,0
u11202,0
u11203,1
u11204,0
u11205,1
u11206,0
u11207,0
u11208,0
u11209,0
u11210,1
u11211,0
u11212,1
u11213,0
u11214,0
u11215,0
u11216,0
u11217,0
u11218,1
u11219,0
u11220,0
u11221,0
u11222,0
u11223,1
u11224,0
u11225,1
u11226,1
u11227,0
u11228,1
u11229,0
u11230,1
u11231,0
u11232,0
u11233,0
u11234,0
u11235,0
u11236,0
u11237,1
u11238,0
u11239,0
u11240,0
u11241,0
u11242,1
u11243,0
u11244,0
u11245,0
u11246,0
u11247,1
u11248,0
u11249,1
u11250,0
u11251,0
u11252,1
u11253,1
u11254,0
u11255,0
u11256,1
u11257,1
u11258,0
u11259,0
u11260,0
u11261,1
u11262,0
u11263,0
u11264,1
u11265,1
u11266,0
u11267,1
u11268,0
u11269,1
u11270,1
u11271,0
u11272,1
u11273,1
u11274,1
u11275,0
u11276,0
u11277,1
u11278,0
u11279,0
u11280,0
u11281,0
u11282,0
u11283,1
u11284,0
u11285,0
u11286,0
u11287,0
u11288,0
u11289,1
u11290,0
u11291,0
u11292,0
u11293,0
u11294,0
u11295,0
u11296,1
u11297,0
u11298,0
u11299,1
u11300,0
u11301,0
u11302,0
u11303,0
u11304,0
u11305,0
u11306,0
u11307,0
u11308,0
u11309,0
u11310,0
u11311,0
u11312,1
u11313,1
u11314,0
u11315,0
u11316,0
u11317,1
u11318,0
u11319,0
u11320,1
u11321,0
u11322,0
u11323,1
u11324,0
u11325,0
u11326,0
u11327,1
u11328,0
u11329,0
u11330,1
u11331,0
u11332,0
u11333,0
u11334,0
u11335,0
u11336,1
u11337,0
u11338,1
u11339,1
u11340,0
u11341,0
u11342,0
u11343,0
u11344,0
u11345,1
u11346,0
u11347,1
u11348,1
u11349,1
u11350,1
u11351,0
u11352,1
u11353,0
u11354,1
u11355,0
u11356,0
u11357,0
u11358,0
u11359,0
u11360,0
u11361,0
u11362,0
u11363,0
u11364,0
u11365,0
u11366,1
u11367,0
u11368,0
u11369,0
u11370,1
u11371,1
u11372,0
u11373,0
u11374,0
u11375,0
u11376,0
u11377,0
u11378,0
u11379,1
u11380,1
u11381,0
u11382,0
u11383,1
u11384,1
u11385,0
u11386,0
u11387,0
u11388,1
u11389,0
u11390,1
u11391,0
u11392,1
u11393,0
u11394,1
u11395,0
u11396,0
u11397,1
u11398,0
u11399,0
u11400,0
u11401,0
u11402,0
u11403,0
u11404,1
u11405,1
u11406,0
u11407,0
u11408,1
u11409,0
u11410,0
u11411,1
u11412,0
u11413,0
u11414,0
u11415,0
u11416,1
u11417,1
u11418,0
u11419,0
u11420,1
u11421,0
u11422,0
u11423,0
u11424,0
u11425,0
u11426,0
u11427,1
u11428,1
u11429,0
u11430,0
u11431,0
u11432,0
u11433,0
u11434,1
u11435,0
u11436,0
u11437,1
u11438,0
u11439,0
u11440,1
u11441,0
u11442,1
u11443,0
u11444,0
u11445,1
u11446,0
u11447,0
u11448,0
u11449,0
u11450,0
u11451,1
u11452,0
u11453,1
u11454,0
u11455,0
u11456,1
u11457,0
u11458,0
u11459,0
u11460,0
u11461,1
u11462,0
u11463,0
u11464,0
u11465,0
u11466,1
u11467,0
u11468,0
u11469,0
u11470,1
u11471,0
u11472,0
u11473,0
u11474,1
u11475,1
u11476,0
u11477,0
u11478,0
u11479,1
u11480,0
u11481,1
u11482,0
u11483,1
u11484,1
u11485,1
u11486,1
u11487,0
u11488,0
u11489,0
u11490,0
u11491,0
u11492,0
u11493,0
u11494,1
u11495,1
u11496,0
u11497,0
u11498,0
u11499,0
